{
  "hash": "495b85aa",
  "configHash": "9d1d1973",
  "lockfileHash": "2bfb81ec",
  "browserHash": "8d860e74",
  "optimized": {
    "@angular/common": {
      "src": "../../../../../node_modules/@angular/common/fesm2022/common.mjs",
      "file": "@angular_common.js",
      "fileHash": "825101f8",
      "needsInterop": false
    },
    "@angular/common/http": {
      "src": "../../../../../node_modules/@angular/common/fesm2022/http.mjs",
      "file": "@angular_common_http.js",
      "fileHash": "d316f7f2",
      "needsInterop": false
    },
    "@angular/core": {
      "src": "../../../../../node_modules/@angular/core/fesm2022/core.mjs",
      "file": "@angular_core.js",
      "fileHash": "4fe1ead9",
      "needsInterop": false
    },
    "@angular/forms": {
      "src": "../../../../../node_modules/@angular/forms/fesm2022/forms.mjs",
      "file": "@angular_forms.js",
      "fileHash": "04bae2d0",
      "needsInterop": false
    },
    "@angular/platform-browser": {
      "src": "../../../../../node_modules/@angular/platform-browser/fesm2022/platform-browser.mjs",
      "file": "@angular_platform-browser.js",
      "fileHash": "dce76bf7",
      "needsInterop": false
    },
    "@angular/platform-browser/animations": {
      "src": "../../../../../node_modules/@angular/platform-browser/fesm2022/animations.mjs",
      "file": "@angular_platform-browser_animations.js",
      "fileHash": "e04cffc1",
      "needsInterop": false
    },
    "@angular/router": {
      "src": "../../../../../node_modules/@angular/router/fesm2022/router.mjs",
      "file": "@angular_router.js",
      "fileHash": "414c6180",
      "needsInterop": false
    },
    "@bryntum/calendar-angular": {
      "src": "../../../../../node_modules/@bryntum/calendar-angular/fesm2015/bryntum-calendar-angular.js",
      "file": "@bryntum_calendar-angular.js",
      "fileHash": "c940ec6e",
      "needsInterop": false
    },
    "primeng/api": {
      "src": "../../../../../node_modules/primeng/fesm2022/primeng-api.mjs",
      "file": "primeng_api.js",
      "fileHash": "66f457d8",
      "needsInterop": false
    },
    "primeng/button": {
      "src": "../../../../../node_modules/primeng/fesm2022/primeng-button.mjs",
      "file": "primeng_button.js",
      "fileHash": "ed728e1c",
      "needsInterop": false
    },
    "primeng/calendar": {
      "src": "../../../../../node_modules/primeng/fesm2022/primeng-calendar.mjs",
      "file": "primeng_calendar.js",
      "fileHash": "6449d65e",
      "needsInterop": false
    },
    "primeng/confirmdialog": {
      "src": "../../../../../node_modules/primeng/fesm2022/primeng-confirmdialog.mjs",
      "file": "primeng_confirmdialog.js",
      "fileHash": "79cfba5e",
      "needsInterop": false
    },
    "primeng/dataview": {
      "src": "../../../../../node_modules/primeng/fesm2022/primeng-dataview.mjs",
      "file": "primeng_dataview.js",
      "fileHash": "9c8e0d15",
      "needsInterop": false
    },
    "primeng/dropdown": {
      "src": "../../../../../node_modules/primeng/fesm2022/primeng-dropdown.mjs",
      "file": "primeng_dropdown.js",
      "fileHash": "7d7dc12e",
      "needsInterop": false
    },
    "primeng/ripple": {
      "src": "../../../../../node_modules/primeng/fesm2022/primeng-ripple.mjs",
      "file": "primeng_ripple.js",
      "fileHash": "56f5b482",
      "needsInterop": false
    },
    "primeng/tag": {
      "src": "../../../../../node_modules/primeng/fesm2022/primeng-tag.mjs",
      "file": "primeng_tag.js",
      "fileHash": "6a177cd7",
      "needsInterop": false
    },
    "primeng/toast": {
      "src": "../../../../../node_modules/primeng/fesm2022/primeng-toast.mjs",
      "file": "primeng_toast.js",
      "fileHash": "6666814f",
      "needsInterop": false
    },
    "rxjs": {
      "src": "../../../../../node_modules/rxjs/dist/esm5/index.js",
      "file": "rxjs.js",
      "fileHash": "35e62364",
      "needsInterop": false
    },
    "sweetalert2": {
      "src": "../../../../../node_modules/sweetalert2/dist/sweetalert2.all.js",
      "file": "sweetalert2.js",
      "fileHash": "b552ad97",
      "needsInterop": true
    }
  },
  "chunks": {
    "chunk-7XPYW3PG": {
      "file": "chunk-7XPYW3PG.js"
    },
    "chunk-DA2OT46P": {
      "file": "chunk-DA2OT46P.js"
    },
    "chunk-IJ7RWGPE": {
      "file": "chunk-IJ7RWGPE.js"
    },
    "chunk-2XDRSDQY": {
      "file": "chunk-2XDRSDQY.js"
    },
    "chunk-HZ3PYDO4": {
      "file": "chunk-HZ3PYDO4.js"
    },
    "chunk-MX77WGQL": {
      "file": "chunk-MX77WGQL.js"
    },
    "chunk-WB3YOIIF": {
      "file": "chunk-WB3YOIIF.js"
    },
    "chunk-RDKIGQSY": {
      "file": "chunk-RDKIGQSY.js"
    },
    "chunk-UK7I6BV3": {
      "file": "chunk-UK7I6BV3.js"
    },
    "chunk-TGKW4XAL": {
      "file": "chunk-TGKW4XAL.js"
    },
    "chunk-B6PMVP6C": {
      "file": "chunk-B6PMVP6C.js"
    },
    "chunk-7V37ODQG": {
      "file": "chunk-7V37ODQG.js"
    },
    "chunk-6G3XUBIW": {
      "file": "chunk-6G3XUBIW.js"
    },
    "chunk-ZUT4FFKO": {
      "file": "chunk-ZUT4FFKO.js"
    },
    "chunk-V4OJ3APX": {
      "file": "chunk-V4OJ3APX.js"
    },
    "chunk-4J25ECOH": {
      "file": "chunk-4J25ECOH.js"
    },
    "chunk-NFJ5YDRY": {
      "file": "chunk-NFJ5YDRY.js"
    }
  }
}